"pitch_id","type"
1,"Fastball"
2,"Fastball"
3,"Fastball"
4,"Changeup"
5,"Changeup"
6,"Fastball"
7,"Fastball"
8,"Curveball"
9,"Fastball"
10,"Fastball"
11,"Curveball"
12,"Fastball"
13,"Fastball"
14,"Fastball"
15,"Fastball"
16,"Changeup"
17,"Fastball"
18,"Fastball"
19,"Fastball"
20,"Fastball"
21,"Curveball"
22,"Fastball"
23,"Fastball"
24,"Fastball"
25,"Fastball"
26,"Fastball"
27,"Changeup"
28,"Fastball"
29,"Fastball"
30,"Fastball"
31,"Fastball"
32,"Fastball"
33,"Fastball"
34,"Fastball"
35,"Fastball"
36,"Fastball"
37,"Fastball"
38,"Fastball"
39,"Fastball"
40,"Changeup"
41,"Fastball"
42,"Fastball"
43,"Changeup"
44,"Changeup"
45,"Fastball"
46,"Changeup"
47,"Fastball"
48,"Fastball"
49,"Fastball"
50,"Changeup"
51,"Changeup"
52,"Fastball"
53,"Fastball"
54,"Fastball"
55,"Changeup"
56,"Fastball"
57,"Fastball"
58,"Changeup"
59,"Fastball"
60,"Changeup"
61,"Fastball"
62,"Changeup"
63,"Changeup"
64,"Fastball"
65,"Fastball"
66,"Changeup"
67,"Fastball"
68,"Fastball"
69,"Fastball"
70,"Fastball"
71,"Changeup"
72,"Fastball"
73,"Changeup"
74,"Fastball"
75,"Curveball"
76,"Fastball"
77,"Fastball"
78,"Fastball"
79,"Fastball"
80,"Fastball"
81,"Fastball"
82,"Fastball"
83,"Fastball"
84,"Fastball"
85,"Fastball"
86,"Fastball"
87,"Fastball"
88,"Fastball"
89,"Fastball"
90,"Curveball"
91,"Curveball"
92,"Curveball"
93,"Fastball"
94,"Fastball"
95,"Changeup"
96,"Changeup"
97,"Changeup"
98,"Fastball"
99,"Fastball"
100,"Fastball"
101,"Fastball"
102,"Fastball"
103,"Fastball"
104,"Curveball"
105,"Curveball"
106,"Fastball"
107,"Fastball"
108,"Fastball"
109,"Fastball"
110,"Fastball"
111,"Changeup"
112,"Fastball"
113,"Fastball"
114,"Changeup"
115,"Fastball"
116,"Changeup"
117,"Fastball"
118,"Fastball"
119,"Fastball"
120,"Fastball"
121,"Fastball"
122,"Fastball"
123,"Fastball"
124,"Fastball"
125,"Changeup"
126,"Changeup"
127,"Fastball"
128,"Changeup"
129,"Fastball"
130,"Fastball"
131,"Changeup"
132,"Fastball"
133,"Changeup"
134,"Changeup"
135,"Fastball"
136,"Fastball"
137,"Fastball"
138,"Curveball"
139,"Fastball"
140,"Curveball"
141,"Fastball"
142,"Fastball"
143,"Fastball"
144,"Fastball"
145,"Fastball"
146,"Changeup"
147,"Changeup"
148,"Fastball"
149,"Fastball"
150,"Changeup"
151,"Fastball"
152,"Fastball"
153,"Curveball"
154,"Fastball"
155,"Changeup"
156,"Fastball"
157,"Curveball"
158,"Fastball"
159,"Fastball"
160,"Fastball"
161,"Changeup"
162,"Fastball"
163,"Fastball"
164,"Fastball"
165,"Fastball"
166,"Fastball"
167,"Fastball"
168,"Fastball"
169,"Changeup"
170,"Fastball"
171,"Fastball"
172,"Fastball"
173,"Curveball"
174,"Fastball"
175,"Fastball"
176,"Fastball"
177,"Fastball"
178,"Fastball"
179,"Fastball"
180,"Fastball"
181,"Curveball"
182,"Fastball"
183,"Fastball"
184,"Curveball"
185,"Changeup"
186,"Changeup"
187,"Curveball"
188,"Changeup"
189,"Changeup"
190,"Curveball"
191,"Fastball"
192,"Changeup"
193,"Curveball"
194,"Fastball"
195,"Curveball"
196,"Curveball"
197,"Fastball"
198,"Curveball"
199,"Fastball"
200,"Fastball"
201,"Fastball"
202,"Fastball"
203,"Curveball"
204,"Fastball"
205,"Curveball"
206,"Fastball"
207,"Changeup"
208,"Changeup"
209,"Fastball"
210,"Fastball"
211,"Changeup"
212,"Changeup"
213,"Fastball"
214,"Changeup"
215,"Fastball"
216,"Curveball"
217,"Changeup"
218,"Curveball"
219,"Fastball"
220,"Curveball"
221,"Changeup"
222,"Changeup"
223,"Fastball"
224,"Changeup"
225,"Fastball"
226,"Curveball"
227,"Curveball"
228,"Changeup"
229,"Curveball"
230,"Fastball"
231,"Fastball"
232,"Curveball"
233,"Fastball"
234,"Changeup"
235,"Fastball"
236,"Fastball"
237,"Changeup"
238,"Fastball"
239,"Changeup"
240,"Fastball"
241,"Fastball"
242,"Changeup"
243,"Fastball"
244,"Curveball"
245,"Fastball"
246,"Fastball"
247,"Fastball"
248,"Changeup"
249,"Fastball"
250,"Curveball"
251,"Changeup"
252,"Fastball"
253,"Fastball"
254,"Fastball"
255,"Fastball"
256,"Fastball"
257,"Fastball"
258,"Changeup"
259,"Fastball"
260,"Fastball"
261,"Curveball"
262,"Curveball"
263,"Fastball"
264,"Fastball"
265,"Changeup"
266,"Fastball"
267,"Changeup"
268,"Fastball"
269,"Changeup"
270,"Fastball"
271,"Curveball"
272,"Curveball"
273,"Curveball"
274,"Curveball"
275,"Fastball"
276,"Curveball"
277,"Fastball"
278,"Fastball"
279,"Curveball"
280,"Curveball"
281,"Fastball"
282,"Fastball"
283,"Changeup"
284,"Fastball"
285,"Fastball"
286,"Changeup"
287,"Fastball"
288,"Changeup"
289,"Fastball"
290,"Changeup"
291,"Fastball"
292,"Fastball"
293,"Changeup"
294,"Curveball"
295,"Fastball"
296,"Changeup"
297,"Changeup"
298,"Fastball"
299,"Changeup"
300,"Fastball"
301,"Fastball"
302,"Changeup"
303,"Changeup"
304,"Fastball"
305,"Changeup"
306,"Curveball"
307,"Changeup"
308,"Fastball"
309,"Changeup"
310,"Fastball"
311,"Fastball"
312,"Curveball"
313,"Changeup"
314,"Changeup"
315,"Fastball"
316,"Changeup"
317,"Changeup"
318,"Fastball"
319,"Fastball"
320,"Fastball"
321,"Fastball"
322,"Fastball"
323,"Fastball"
324,"Fastball"
325,"Changeup"
326,"Changeup"
327,"Fastball"
328,"Fastball"
329,"Curveball"
330,"Fastball"
331,"Fastball"
332,"Curveball"
333,"Changeup"
334,"Fastball"
335,"Fastball"
336,"Fastball"
337,"Changeup"
338,"Changeup"
339,"Fastball"
340,"Fastball"
341,"Fastball"
342,"Fastball"
343,"Fastball"
344,"Fastball"
345,"Fastball"
346,"Fastball"
347,"Changeup"
348,"Changeup"
349,"Fastball"
350,"Changeup"
351,"Fastball"
352,"Curveball"
353,"Curveball"
354,"Fastball"
355,"Changeup"
356,"Fastball"
357,"Changeup"
358,"Fastball"
359,"Changeup"
360,"Fastball"
361,"Changeup"
362,"Fastball"
363,"Fastball"
364,"Changeup"
365,"Fastball"
366,"Fastball"
367,"Changeup"
368,"Fastball"
369,"Curveball"
370,"Fastball"
371,"Changeup"
372,"Fastball"
373,"Fastball"
374,"Curveball"
375,"Fastball"
376,"Changeup"
377,"Fastball"
378,"Fastball"
379,"Fastball"
380,"Changeup"
381,"Fastball"
382,"Fastball"
383,"Changeup"
384,"Curveball"
385,"Changeup"
386,"Fastball"
387,"Fastball"
388,"Fastball"
389,"Changeup"
390,"Changeup"
391,"Fastball"
392,"Changeup"
393,"Fastball"
394,"Fastball"
395,"Changeup"
396,"Fastball"
397,"Changeup"
398,"Fastball"
399,"Changeup"
400,"Fastball"
401,"Curveball"
402,"Fastball"
403,"Fastball"
404,"Changeup"
405,"Changeup"
406,"Fastball"
407,"Changeup"
408,"Changeup"
409,"Fastball"
410,"Fastball"
411,"Fastball"
412,"Fastball"
413,"Changeup"
414,"Changeup"
415,"Fastball"
416,"Changeup"
417,"Fastball"
418,"Fastball"
419,"Changeup"
420,"Fastball"
421,"Changeup"
422,"Fastball"
423,"Fastball"
424,"Fastball"
425,"Curveball"
426,"Changeup"
427,"Curveball"
428,"Fastball"
429,"Changeup"
430,"Fastball"
431,"Fastball"
432,"Fastball"
433,"Fastball"
434,"Changeup"
435,"Fastball"
436,"Changeup"
437,"Fastball"
438,"Changeup"
439,"Fastball"
440,"Fastball"
441,"Fastball"
442,"Fastball"
443,"Fastball"
444,"Changeup"
445,"Fastball"
446,"Fastball"
447,"Fastball"
448,"Fastball"
449,"Curveball"
450,"Fastball"
451,"Fastball"
452,"Fastball"
453,"Changeup"
454,"Fastball"
455,"Fastball"
456,"Fastball"
457,"Fastball"
458,"Fastball"
459,"Changeup"
460,"Fastball"
461,"Fastball"
462,"Curveball"
463,"Fastball"
464,"Fastball"
465,"Fastball"
466,"Fastball"
467,"Fastball"
468,"Curveball"
469,"Fastball"
470,"Fastball"
471,"Fastball"
472,"Fastball"
473,"Fastball"
474,"Fastball"
475,"Fastball"
476,"Fastball"
477,"Fastball"
478,"Fastball"
479,"Fastball"
480,"Fastball"
481,"Changeup"
482,"Fastball"
483,"Changeup"
484,"Fastball"
485,"Fastball"
486,"Fastball"
487,"Fastball"
488,"Fastball"
489,"Changeup"
490,"Fastball"
491,"Fastball"
492,"Fastball"
493,"Changeup"
494,"Fastball"
495,"Fastball"
496,"Fastball"
497,"Fastball"
498,"Fastball"
499,"Fastball"
500,"Fastball"
501,"Fastball"
502,"Fastball"
503,"Fastball"
504,"Fastball"
505,"Fastball"
506,"Fastball"
507,"Fastball"
508,"Fastball"
509,"Changeup"
510,"Fastball"
511,"Curveball"
512,"Curveball"
513,"Fastball"
514,"Fastball"
515,"Fastball"
516,"Fastball"
517,"Curveball"
518,"Fastball"
519,"Changeup"
520,"Fastball"
521,"Changeup"
522,"Fastball"
523,"Fastball"
524,"Fastball"
525,"Fastball"
526,"Fastball"
527,"Changeup"
528,"Fastball"
529,"Undefined"
530,"Fastball"
531,"Fastball"
532,"Curveball"
533,"Fastball"
534,"Curveball"
535,"Fastball"
536,"Fastball"
537,"Changeup"
538,"Fastball"
539,"Changeup"
540,"Fastball"
541,"Fastball"
542,"Curveball"
543,"Fastball"
544,"Changeup"
545,"Changeup"
546,"Fastball"
547,"Curveball"
548,"Fastball"
549,"Changeup"
550,"Curveball"
551,"Fastball"
552,"Fastball"
553,"Fastball"
554,"Fastball"
555,"Fastball"
556,"Fastball"
557,"Fastball"
558,"Fastball"
559,"Fastball"
560,"Changeup"
561,"Fastball"
562,"Curveball"
563,"Changeup"
564,"Curveball"
565,"Changeup"
566,"Fastball"
567,"Changeup"
568,"Fastball"
569,"Changeup"
570,"Fastball"
571,"Fastball"
572,"Changeup"
573,"Curveball"
574,"Changeup"
575,"Fastball"
576,"Fastball"
577,"Changeup"
578,"Changeup"
579,"Fastball"
580,"Fastball"
581,"Fastball"
582,"Fastball"
583,"Fastball"
584,"Curveball"
585,"Fastball"
586,"Changeup"
587,"Fastball"
588,"Fastball"
589,"Curveball"
590,"Fastball"
591,"Fastball"
592,"Fastball"
593,"Fastball"
594,"Fastball"
595,"Fastball"
596,"Fastball"
597,"Curveball"
598,"Fastball"
599,"Fastball"
600,"Fastball"
601,"Fastball"
602,"Changeup"
603,"Changeup"
604,"Fastball"
605,"Changeup"
606,"Changeup"
607,"Fastball"
608,"Fastball"
609,"Curveball"
610,"Changeup"
611,"Fastball"
612,"Fastball"
613,"Fastball"
614,"Changeup"
615,"Fastball"
616,"Fastball"
617,"Fastball"
618,"Curveball"
619,"Changeup"
620,"Fastball"
621,"Fastball"
622,"Fastball"
623,"Fastball"
624,"Changeup"
625,"Fastball"
626,"Fastball"
627,"Fastball"
628,"Fastball"
629,"Curveball"
630,"Changeup"
631,"Changeup"
632,"Fastball"
633,"Fastball"
634,"Fastball"
635,"Curveball"
636,"Fastball"
637,"Fastball"
638,"Fastball"
639,"Fastball"
640,"Fastball"
641,"Fastball"
642,"Curveball"
643,"Changeup"
644,"Changeup"
645,"Fastball"
646,"Changeup"
647,"Fastball"
648,"Changeup"
649,"Changeup"
650,"Changeup"
651,"Fastball"
652,"Fastball"
653,"Fastball"
654,"Curveball"
655,"Changeup"
656,"Fastball"
657,"Changeup"
658,"Fastball"
659,"Changeup"
660,"Changeup"
661,"Fastball"
662,"Fastball"
663,"Fastball"
664,"Changeup"
665,"Changeup"
666,"Fastball"
667,"Fastball"
668,"Fastball"
669,"Fastball"
670,"Fastball"
671,"Changeup"
672,"Undefined"
673,"Changeup"
674,"Fastball"
675,"Fastball"
676,"Curveball"
677,"Changeup"
678,"Fastball"
679,"Undefined"
680,"Changeup"
681,"Fastball"
682,"Fastball"
683,"Undefined"
684,"Curveball"
685,"Curveball"
686,"Curveball"
687,"Fastball"
688,"Fastball"
689,"Changeup"
690,"Changeup"
691,"Fastball"
692,"Fastball"
693,"Fastball"
694,"Fastball"
695,"Fastball"
696,"Fastball"
697,"Fastball"
698,"Fastball"
699,"Fastball"
700,"Curveball"
701,"Fastball"
702,"Changeup"
703,"Curveball"
704,"Curveball"
705,"Changeup"
706,"Fastball"
707,"Curveball"
708,"Fastball"
709,"Fastball"
710,"Curveball"
711,"Fastball"
712,"Fastball"
713,"Changeup"
714,"Fastball"
715,"Changeup"
716,"Fastball"
717,"Fastball"
718,"Fastball"
719,"Fastball"
720,"Curveball"
721,"Curveball"
722,"Fastball"
723,"Fastball"
724,"Fastball"
725,"Changeup"
726,"Curveball"
727,"Curveball"
728,"Changeup"
729,"Fastball"
730,"Changeup"
731,"Curveball"
732,"Changeup"
733,"Changeup"
734,"Changeup"
735,"Curveball"
736,"Curveball"
737,"Fastball"
738,"Fastball"
739,"Fastball"
740,"Fastball"
741,"Changeup"
742,"Fastball"
743,"Fastball"
744,"Fastball"
745,"Fastball"
746,"Changeup"
747,"Fastball"
748,"Fastball"
749,"Fastball"
750,"Changeup"
751,"Curveball"
752,"Changeup"
753,"Curveball"
754,"Fastball"
755,"Changeup"
756,"Fastball"
757,"Fastball"
758,"Fastball"
759,"Changeup"
760,"Fastball"
761,"Fastball"
762,"Fastball"
763,"Fastball"
764,"Fastball"
765,"Fastball"
766,"Fastball"
767,"Fastball"
768,"Fastball"
769,"Fastball"
770,"Fastball"
771,"Fastball"
772,"Fastball"
773,"Fastball"
774,"Changeup"
775,"Changeup"
776,"Fastball"
777,"Curveball"
778,"Fastball"
779,"Fastball"
780,"Fastball"
781,"Fastball"
782,"Curveball"
783,"Fastball"
784,"Fastball"
785,"Fastball"
786,"Fastball"
787,"Fastball"
788,"Fastball"
789,"Fastball"
790,"Fastball"
791,"Changeup"
792,"Fastball"
793,"Fastball"
794,"Fastball"
795,"Fastball"
796,"Fastball"
797,"Fastball"
798,"Fastball"
799,"Fastball"
800,"Fastball"
801,"Fastball"
802,"Curveball"
803,"Fastball"
804,"Changeup"
805,"Fastball"
806,"Curveball"
807,"Changeup"
808,"Fastball"
809,"Fastball"
810,"Fastball"
811,"Fastball"
812,"Curveball"
813,"Fastball"
814,"Fastball"
815,"Fastball"
816,"Fastball"
817,"Curveball"
818,"Fastball"
819,"Fastball"
820,"Fastball"
821,"Fastball"
822,"Curveball"
823,"Fastball"
824,"Fastball"
825,"Fastball"
826,"Fastball"
827,"Fastball"
828,"Fastball"
829,"Changeup"
830,"Curveball"
831,"Fastball"
832,"Fastball"
833,"Fastball"
834,"Changeup"
835,"Fastball"
836,"Changeup"
837,"Fastball"
838,"Fastball"
839,"Changeup"
840,"Changeup"
841,"Fastball"
842,"Fastball"
843,"Fastball"
844,"Fastball"
845,"Fastball"
846,"Fastball"
847,"Fastball"
848,"Fastball"
849,"Changeup"
850,"Changeup"
851,"Fastball"
852,"Fastball"
853,"Fastball"
854,"Curveball"
855,"Fastball"
856,"Fastball"
857,"Fastball"
858,"Fastball"
859,"Changeup"
860,"Fastball"
861,"Curveball"
862,"Fastball"
863,"Fastball"
864,"Fastball"
865,"Fastball"
866,"Fastball"
867,"Curveball"
868,"Changeup"
869,"Fastball"
870,"Fastball"
871,"Fastball"
872,"Fastball"
873,"Fastball"
874,"Fastball"
875,"Fastball"
876,"Changeup"
877,"Changeup"
878,"Curveball"
879,"Fastball"
880,"Fastball"
881,"Fastball"
882,"Curveball"
883,"Curveball"
884,"Changeup"
885,"Changeup"
886,"Curveball"
887,"Fastball"
888,"Curveball"
889,"Changeup"
890,"Changeup"
891,"Curveball"
892,"Fastball"
893,"Fastball"
894,"Fastball"
895,"Fastball"
896,"Changeup"
897,"Fastball"
898,"Changeup"
899,"Fastball"
900,"Curveball"
901,"Fastball"
902,"Fastball"
903,"Changeup"
904,"Changeup"
905,"Fastball"
906,"Fastball"
907,"Changeup"
908,"Fastball"
909,"Changeup"
910,"Fastball"
911,"Changeup"
912,"Fastball"
913,"Changeup"
914,"Fastball"
915,"Fastball"
916,"Fastball"
917,"Changeup"
918,"Fastball"
919,"Fastball"
920,"Changeup"
921,"Fastball"
922,"Fastball"
923,"Fastball"
924,"Fastball"
925,"Changeup"
926,"Changeup"
927,"Fastball"
928,"Fastball"
929,"Fastball"
930,"Changeup"
931,"Fastball"
932,"Changeup"
933,"Fastball"
934,"Fastball"
935,"Fastball"
936,"Fastball"
937,"Changeup"
938,"Changeup"
939,"Fastball"
940,"Curveball"
941,"Fastball"
942,"Changeup"
943,"Fastball"
944,"Fastball"
945,"Fastball"
946,"Fastball"
947,"Curveball"
948,"Fastball"
949,"Fastball"
950,"Changeup"
951,"Fastball"
952,"Fastball"
953,"Fastball"
954,"Fastball"
955,"Fastball"
956,"Fastball"
957,"Fastball"
958,"Changeup"
959,"Fastball"
960,"Fastball"
961,"Curveball"
962,"Fastball"
963,"Changeup"
964,"Curveball"
965,"Fastball"
966,"Fastball"
967,"Fastball"
968,"Changeup"
969,"Fastball"
970,"Curveball"
971,"Fastball"
972,"Changeup"
973,"Changeup"
974,"Fastball"
975,"Changeup"
976,"Fastball"
977,"Fastball"
978,"Fastball"
979,"Fastball"
980,"Fastball"
981,"Fastball"
982,"Fastball"
983,"Fastball"
984,"Curveball"
985,"Changeup"
986,"Fastball"
987,"Fastball"
988,"Fastball"
989,"Fastball"
990,"Fastball"
991,"Fastball"
992,"Changeup"
993,"Fastball"
994,"Fastball"
995,"Fastball"
996,"Fastball"
997,"Curveball"
998,"Fastball"
999,"Fastball"
1000,"Fastball"
1001,"Fastball"
1002,"Fastball"
1003,"Fastball"
1004,"Fastball"
1005,"Fastball"
1006,"Changeup"
1007,"Changeup"
1008,"Fastball"
1009,"Curveball"
1010,"Changeup"
1011,"Fastball"
1012,"Curveball"
1013,"Changeup"
1014,"Fastball"
1015,"Fastball"
1016,"Fastball"
1017,"Fastball"
1018,"Fastball"
1019,"Changeup"
1020,"Fastball"
1021,"Fastball"
1022,"Changeup"
1023,"Fastball"
1024,"Changeup"
1025,"Fastball"
1026,"Curveball"
1027,"Changeup"
1028,"Fastball"
1029,"Fastball"
1030,"Fastball"
1031,"Fastball"
1032,"Fastball"
1033,"Fastball"
1034,"Changeup"
1035,"Changeup"
1036,"Fastball"
1037,"Fastball"
1038,"Fastball"
1039,"Fastball"
1040,"Changeup"
1041,"Fastball"
1042,"Curveball"
1043,"Changeup"
1044,"Fastball"
1045,"Curveball"
1046,"Changeup"
1047,"Fastball"
1048,"Changeup"
1049,"Changeup"
1050,"Fastball"
1051,"Curveball"
1052,"Fastball"
1053,"Fastball"
1054,"Fastball"
1055,"Fastball"
1056,"Fastball"
1057,"Fastball"
1058,"Curveball"
1059,"Fastball"
1060,"Fastball"
1061,"Fastball"
1062,"Fastball"
1063,"Fastball"
1064,"Fastball"
1065,"Fastball"
1066,"Curveball"
1067,"Changeup"
1068,"Changeup"
1069,"Changeup"
1070,"Fastball"
1071,"Curveball"
1072,"Curveball"
1073,"Fastball"
1074,"Fastball"
1075,"Changeup"
1076,"Fastball"
1077,"Changeup"
1078,"Changeup"
1079,"Fastball"
1080,"Curveball"
1081,"Changeup"
1082,"Fastball"
1083,"Changeup"
1084,"Changeup"
1085,"Curveball"
1086,"Changeup"
1087,"Changeup"
1088,"Changeup"
1089,"Fastball"
1090,"Fastball"
1091,"Changeup"
1092,"Fastball"
1093,"Changeup"
1094,"Fastball"
1095,"Fastball"
1096,"Fastball"
1097,"Curveball"
1098,"Changeup"
1099,"Fastball"
1100,"Fastball"
1101,"Fastball"
1102,"Fastball"
1103,"Changeup"
1104,"Fastball"
1105,"Fastball"
1106,"Fastball"
1107,"Fastball"
1108,"Fastball"
1109,"Fastball"
1110,"Changeup"
1111,"Fastball"
1112,"Fastball"
1113,"Curveball"
1114,"Fastball"
1115,"Fastball"
1116,"Fastball"
1117,"Curveball"
1118,"Changeup"
1119,"Fastball"
1120,"Fastball"
1121,"Fastball"
1122,"Fastball"
1123,"Fastball"
1124,"Fastball"
1125,"Changeup"
1126,"Fastball"
1127,"Fastball"
1128,"Fastball"
1129,"Curveball"
1130,"Changeup"
1131,"Fastball"
1132,"Changeup"
1133,"Changeup"
1134,"Fastball"
1135,"Fastball"
1136,"Changeup"
1137,"Fastball"
1138,"Curveball"
1139,"Fastball"
1140,"Fastball"
1141,"Curveball"
1142,"Curveball"
1143,"Fastball"
1144,"Fastball"
1145,"Fastball"
1146,"Fastball"
1147,"Fastball"
1148,"Fastball"
1149,"Fastball"
1150,"Fastball"
1151,"Fastball"
1152,"Fastball"
1153,"Changeup"
1154,"Fastball"
1155,"Changeup"
1156,"Fastball"
1157,"Fastball"
1158,"Fastball"
1159,"Fastball"
1160,"Fastball"
1161,"Curveball"
1162,"Fastball"
1163,"Fastball"
1164,"Fastball"
1165,"Fastball"
1166,"Curveball"
1167,"Fastball"
1168,"Fastball"
1169,"Curveball"
1170,"Fastball"
1171,"Fastball"
1172,"Fastball"
1173,"Curveball"
1174,"Fastball"
1175,"Fastball"
1176,"Changeup"
1177,"Fastball"
1178,"Fastball"
1179,"Fastball"
1180,"Fastball"
1181,"Curveball"
1182,"Fastball"
1183,"Fastball"
1184,"Fastball"
1185,"Fastball"
1186,"Fastball"
1187,"Curveball"
1188,"Fastball"
1189,"Changeup"
1190,"Fastball"
1191,"Curveball"
1192,"Fastball"
1193,"Fastball"
1194,"Changeup"
1195,"Fastball"
1196,"Fastball"
1197,"Fastball"
1198,"Fastball"
1199,"Fastball"
1200,"Fastball"
1201,"Fastball"
1202,"Fastball"
1203,"Curveball"
1204,"Fastball"
1205,"Fastball"
1206,"Changeup"
1207,"Changeup"
1208,"Fastball"
1209,"Curveball"
1210,"Fastball"
1211,"Fastball"
1212,"Curveball"
1213,"Changeup"
1214,"Changeup"
1215,"Fastball"
1216,"Fastball"
1217,"Curveball"
1218,"Changeup"
1219,"Changeup"
1220,"Fastball"
1221,"Changeup"
1222,"Fastball"
1223,"Fastball"
1224,"Fastball"
1225,"Curveball"
1226,"Changeup"
1227,"Fastball"
1228,"Curveball"
1229,"Changeup"
1230,"Fastball"
1231,"Changeup"
1232,"Changeup"
1233,"Fastball"
1234,"Curveball"
1235,"Curveball"
1236,"Curveball"
1237,"Curveball"
1238,"Fastball"
1239,"Curveball"
1240,"Changeup"
1241,"Changeup"
1242,"Changeup"
1243,"Fastball"
1244,"Changeup"
1245,"Fastball"
1246,"Changeup"
1247,"Fastball"
1248,"Changeup"
1249,"Changeup"
1250,"Curveball"
1251,"Curveball"
1252,"Fastball"
1253,"Fastball"
1254,"Fastball"
1255,"Curveball"
1256,"Changeup"
1257,"Curveball"
1258,"Fastball"
1259,"Changeup"
1260,"Changeup"
1261,"Fastball"
1262,"Fastball"
1263,"Fastball"
1264,"Curveball"
1265,"Curveball"
1266,"Changeup"
1267,"Fastball"
1268,"Fastball"
1269,"Curveball"
1270,"Fastball"
1271,"Changeup"
1272,"Curveball"
1273,"Fastball"
1274,"Changeup"
1275,"Fastball"
1276,"Fastball"
1277,"Fastball"
1278,"Curveball"
1279,"Fastball"
1280,"Fastball"
1281,"Curveball"
1282,"Curveball"
1283,"Changeup"
1284,"Fastball"
1285,"Fastball"
1286,"Changeup"
1287,"Fastball"
1288,"Fastball"
1289,"Fastball"
1290,"Fastball"
1291,"Fastball"
1292,"Curveball"
1293,"Fastball"
1294,"Fastball"
1295,"Fastball"
1296,"Fastball"
1297,"Changeup"
1298,"Changeup"
1299,"Fastball"
1300,"Fastball"
1301,"Fastball"
1302,"Fastball"
1303,"Fastball"
1304,"Curveball"
1305,"Curveball"
1306,"Fastball"
1307,"Fastball"
1308,"Changeup"
1309,"Curveball"
1310,"Curveball"
1311,"Changeup"
1312,"Fastball"
1313,"Fastball"
1314,"Fastball"
1315,"Fastball"
1316,"Changeup"
1317,"Changeup"
1318,"Fastball"
1319,"Fastball"
1320,"Fastball"
1321,"Curveball"
1322,"Fastball"
1323,"Fastball"
1324,"Fastball"
1325,"Curveball"
1326,"Fastball"
1327,"Fastball"
1328,"Curveball"
1329,"Fastball"
1330,"Curveball"
1331,"Fastball"
1332,"Changeup"
1333,"Fastball"
1334,"Changeup"
1335,"Changeup"
1336,"Fastball"
1337,"Fastball"
1338,"Fastball"
1339,"Fastball"
1340,"Changeup"
1341,"Changeup"
1342,"Changeup"
1343,"Fastball"
1344,"Fastball"
1345,"Fastball"
1346,"Fastball"
1347,"Fastball"
1348,"Fastball"
1349,"Fastball"
1350,"Changeup"
1351,"Fastball"
1352,"Fastball"
1353,"Curveball"
1354,"Fastball"
1355,"Curveball"
1356,"Fastball"
1357,"Curveball"
1358,"Fastball"
1359,"Fastball"
1360,"Fastball"
1361,"Curveball"
1362,"Curveball"
1363,"Fastball"
1364,"Fastball"
1365,"Curveball"
1366,"Fastball"
1367,"Fastball"
1368,"Fastball"
1369,"Curveball"
1370,"Undefined"
1371,"Curveball"
1372,"Fastball"
1373,"Fastball"
1374,"Fastball"
1375,"Curveball"
1376,"Fastball"
1377,"Curveball"
1378,"Fastball"
1379,"Changeup"
1380,"Fastball"
1381,"Fastball"
1382,"Curveball"
1383,"Fastball"
1384,"Curveball"
1385,"Fastball"
1386,"Fastball"
1387,"Changeup"
1388,"Fastball"
1389,"Fastball"
1390,"Fastball"
1391,"Fastball"
1392,"Fastball"
1393,"Fastball"
1394,"Curveball"
1395,"Fastball"
1396,"Fastball"
1397,"Curveball"
1398,"Fastball"
1399,"Fastball"
1400,"Fastball"
1401,"Changeup"
1402,"Fastball"
1403,"Fastball"
1404,"Fastball"
1405,"Fastball"
1406,"Changeup"
1407,"Curveball"
1408,"Fastball"
1409,"Fastball"
1410,"Fastball"
1411,"Changeup"
1412,"Curveball"
1413,"Fastball"
1414,"Curveball"
1415,"Fastball"
1416,"Fastball"
1417,"Fastball"
1418,"Fastball"
1419,"Fastball"
1420,"Changeup"
1421,"Changeup"
1422,"Fastball"
1423,"Curveball"
1424,"Changeup"
1425,"Curveball"
1426,"Fastball"
1427,"Changeup"
1428,"Fastball"
1429,"Curveball"
1430,"Fastball"
1431,"Fastball"
1432,"Fastball"
1433,"Fastball"
1434,"Fastball"
1435,"Fastball"
1436,"Fastball"
1437,"Fastball"
1438,"Fastball"
1439,"Fastball"
1440,"Fastball"
1441,"Fastball"
1442,"Fastball"
1443,"Fastball"
1444,"Fastball"
1445,"Fastball"
1446,"Curveball"
1447,"Curveball"
1448,"Fastball"
1449,"Fastball"
1450,"Fastball"
1451,"Fastball"
1452,"Fastball"
1453,"Fastball"
1454,"Fastball"
1455,"Fastball"
1456,"Fastball"
1457,"Fastball"
1458,"Fastball"
1459,"Fastball"
1460,"Curveball"
1461,"Fastball"
1462,"Fastball"
1463,"Curveball"
1464,"Fastball"
1465,"Fastball"
1466,"Fastball"
1467,"Fastball"
1468,"Fastball"
1469,"Fastball"
1470,"Fastball"
1471,"Curveball"
1472,"Fastball"
1473,"Curveball"
1474,"Fastball"
1475,"Fastball"
1476,"Fastball"
1477,"Fastball"
1478,"Fastball"
1479,"Fastball"
1480,"Fastball"
1481,"Fastball"
1482,"Fastball"
1483,"Fastball"
1484,"Fastball"
1485,"Fastball"
1486,"Fastball"
1487,"Curveball"
1488,"Curveball"
1489,"Fastball"
1490,"Fastball"
1491,"Fastball"
1492,"Curveball"
1493,"Curveball"
1494,"Fastball"
1495,"Curveball"
1496,"Fastball"
1497,"Fastball"
1498,"Fastball"
1499,"Fastball"
1500,"Fastball"
1501,"Fastball"
1502,"Curveball"
1503,"Curveball"
1504,"Curveball"
1505,"Curveball"
1506,"Curveball"
1507,"Fastball"
1508,"Curveball"
1509,"Fastball"
1510,"Curveball"
1511,"Curveball"
1512,"Curveball"
1513,"Curveball"
1514,"Curveball"
1515,"Fastball"
1516,"Fastball"
1517,"Fastball"
1518,"Fastball"
1519,"Fastball"
1520,"Fastball"
1521,"Curveball"
1522,"Curveball"
1523,"Fastball"
1524,"Fastball"
1525,"Curveball"
1526,"Curveball"
1527,"Fastball"
1528,"Fastball"
1529,"Changeup"
1530,"Fastball"
1531,"Fastball"
1532,"Fastball"
1533,"Fastball"
1534,"Fastball"
1535,"Fastball"
1536,"Fastball"
1537,"Fastball"
1538,"Curveball"
1539,"Fastball"
1540,"Fastball"
1541,"Fastball"
1542,"Fastball"
1543,"Fastball"
1544,"Curveball"
1545,"Fastball"
1546,"Fastball"
1547,"Fastball"
1548,"Fastball"
1549,"Fastball"
1550,"Curveball"
1551,"Curveball"
1552,"Fastball"
1553,"Fastball"
1554,"Curveball"
1555,"Curveball"
1556,"Fastball"
1557,"Curveball"
1558,"Curveball"
1559,"Fastball"
1560,"Fastball"
1561,"Fastball"
1562,"Fastball"
1563,"Fastball"
1564,"Fastball"
1565,"Fastball"
1566,"Changeup"
1567,"Fastball"
1568,"Fastball"
1569,"Fastball"
1570,"Fastball"
1571,"Fastball"
1572,"Curveball"
1573,"Fastball"
1574,"Fastball"
1575,"Curveball"
1576,"Fastball"
1577,"Curveball"
1578,"Fastball"
1579,"Curveball"
1580,"Fastball"
1581,"Curveball"
1582,"Fastball"
1583,"Curveball"
1584,"Fastball"
1585,"Changeup"
1586,"Fastball"
1587,"Fastball"
1588,"Curveball"
1589,"Fastball"
1590,"Curveball"
1591,"Fastball"
1592,"Curveball"
1593,"Fastball"
1594,"Fastball"
1595,"Fastball"
1596,"Curveball"
1597,"Curveball"
1598,"Fastball"
1599,"Changeup"
1600,"Fastball"
1601,"Curveball"
1602,"Curveball"
1603,"Fastball"
1604,"Fastball"
1605,"Fastball"
1606,"Fastball"
1607,"Fastball"
1608,"Fastball"
1609,"Fastball"
1610,"Fastball"
1611,"Changeup"
1612,"Curveball"
1613,"Fastball"
1614,"Fastball"
1615,"Changeup"
1616,"Fastball"
1617,"Fastball"
1618,"Fastball"
1619,"Curveball"
1620,"Curveball"
1621,"Changeup"
1622,"Fastball"
1623,"Fastball"
1624,"Curveball"
1625,"Fastball"
1626,"Fastball"
1627,"Fastball"
1628,"Curveball"
1629,"Changeup"
1630,"Fastball"
1631,"Fastball"
1632,"Fastball"
1633,"Curveball"
1634,"Changeup"
1635,"Curveball"
1636,"Fastball"
1637,"Changeup"
1638,"Curveball"
1639,"Fastball"
1640,"Fastball"
1641,"Fastball"
1642,"Curveball"
1643,"Curveball"
1644,"Curveball"
1645,"Fastball"
1646,"Fastball"
1647,"Fastball"
1648,"Fastball"
1649,"Fastball"
1650,"Changeup"
1651,"Fastball"
1652,"Curveball"
1653,"Curveball"
1654,"Fastball"
1655,"Fastball"
1656,"Curveball"
1657,"Changeup"
1658,"Curveball"
1659,"Fastball"
1660,"Fastball"
1661,"Curveball"
1662,"Curveball"
1663,"Fastball"
1664,"Fastball"
1665,"Curveball"
1666,"Changeup"
1667,"Fastball"
1668,"Fastball"
1669,"Fastball"
1670,"Curveball"
1671,"Fastball"
1672,"Fastball"
1673,"Fastball"
1674,"Fastball"
1675,"Fastball"
1676,"Changeup"
1677,"Changeup"
1678,"Curveball"
1679,"Changeup"
1680,"Curveball"
1681,"Changeup"
1682,"Curveball"
1683,"Changeup"
1684,"Fastball"
1685,"Fastball"
1686,"Fastball"
1687,"Fastball"
1688,"Fastball"
1689,"Fastball"
1690,"Curveball"
1691,"Fastball"
1692,"Fastball"
1693,"Fastball"
1694,"Fastball"
1695,"Fastball"
1696,"Changeup"
1697,"Changeup"
1698,"Curveball"
1699,"Changeup"
1700,"Fastball"
1701,"Fastball"
1702,"Fastball"
1703,"Fastball"
1704,"Fastball"
1705,"Fastball"
1706,"Fastball"
1707,"Fastball"
1708,"Fastball"
1709,"Fastball"
1710,"Curveball"
1711,"Fastball"
1712,"Changeup"
1713,"Fastball"
1714,"Fastball"
1715,"Fastball"
1716,"Curveball"
1717,"Fastball"
1718,"Fastball"
1719,"Curveball"
1720,"Fastball"
1721,"Changeup"
1722,"Fastball"
1723,"Fastball"
1724,"Fastball"
1725,"Fastball"
1726,"Curveball"
1727,"Curveball"
1728,"Fastball"
1729,"Fastball"
1730,"Fastball"
1731,"Fastball"
1732,"Fastball"
1733,"Fastball"
1734,"Curveball"
1735,"Fastball"
1736,"Fastball"
1737,"Curveball"
1738,"Fastball"
1739,"Curveball"
1740,"Fastball"
1741,"Fastball"
1742,"Changeup"
1743,"Fastball"
1744,"Changeup"
1745,"Changeup"
1746,"Fastball"
1747,"Fastball"
1748,"Curveball"
1749,"Changeup"
1750,"Fastball"
1751,"Fastball"
1752,"Fastball"
1753,"Fastball"
1754,"Fastball"
1755,"Fastball"
1756,"Curveball"
1757,"Curveball"
1758,"Fastball"
1759,"Curveball"
1760,"Curveball"
1761,"Fastball"
1762,"Curveball"
1763,"Fastball"
1764,"Fastball"
1765,"Fastball"
1766,"Fastball"
1767,"Fastball"
1768,"Fastball"
1769,"Curveball"
1770,"Fastball"
1771,"Fastball"
1772,"Changeup"
1773,"Fastball"
1774,"Fastball"
1775,"Fastball"
1776,"Changeup"
1777,"Fastball"
1778,"Fastball"
1779,"Curveball"
1780,"Fastball"
1781,"Fastball"
1782,"Fastball"
1783,"Fastball"
1784,"Changeup"
1785,"Curveball"
1786,"Changeup"
1787,"Fastball"
1788,"Fastball"
1789,"Fastball"
1790,"Changeup"
1791,"Fastball"
1792,"Fastball"
1793,"Fastball"
1794,"Fastball"
1795,"Fastball"
1796,"Fastball"
1797,"Fastball"
1798,"Fastball"
1799,"Fastball"
1800,"Changeup"
1801,"Fastball"
1802,"Changeup"
1803,"Fastball"
1804,"Fastball"
1805,"Fastball"
1806,"Fastball"
1807,"Curveball"
1808,"Curveball"
1809,"Fastball"
1810,"Fastball"
1811,"Fastball"
1812,"Fastball"
1813,"Fastball"
1814,"Fastball"
1815,"Changeup"
1816,"Fastball"
1817,"Fastball"
1818,"Fastball"
1819,"Fastball"
1820,"Fastball"
1821,"Fastball"
1822,"Curveball"
1823,"Fastball"
1824,"Fastball"
1825,"Fastball"
1826,"Fastball"
1827,"Fastball"
1828,"Fastball"
1829,"Changeup"
1830,"Changeup"
1831,"Curveball"
1832,"Fastball"
1833,"Fastball"
1834,"Changeup"
1835,"Fastball"
1836,"Fastball"
1837,"Fastball"
1838,"Fastball"
1839,"Fastball"
1840,"Changeup"
1841,"Curveball"
1842,"Changeup"
1843,"Fastball"
1844,"Fastball"
1845,"Fastball"
1846,"Fastball"
1847,"Fastball"
1848,"Curveball"
1849,"Fastball"
1850,"Fastball"
1851,"Fastball"
1852,"Fastball"
1853,"Fastball"
1854,"Curveball"
1855,"Fastball"
1856,"Curveball"
1857,"Fastball"
1858,"Fastball"
1859,"Curveball"
1860,"Fastball"
1861,"Changeup"
1862,"Curveball"
1863,"Fastball"
1864,"Changeup"
1865,"Curveball"
1866,"Changeup"
1867,"Fastball"
1868,"Curveball"
1869,"Curveball"
1870,"Fastball"
1871,"Changeup"
1872,"Curveball"
1873,"Changeup"
1874,"Changeup"
1875,"Fastball"
1876,"Fastball"
1877,"Fastball"
1878,"Fastball"
1879,"Fastball"
1880,"Curveball"
1881,"Curveball"
1882,"Fastball"
1883,"Fastball"
1884,"Curveball"
1885,"Curveball"
1886,"Fastball"
1887,"Fastball"
1888,"Curveball"
1889,"Fastball"
1890,"Fastball"
1891,"Changeup"
1892,"Curveball"
1893,"Changeup"
1894,"Fastball"
1895,"Fastball"
1896,"Fastball"
1897,"Changeup"
1898,"Curveball"
1899,"Curveball"
1900,"Fastball"
1901,"Changeup"
1902,"Fastball"
1903,"Fastball"
1904,"Changeup"
1905,"Fastball"
1906,"Curveball"
1907,"Fastball"
1908,"Fastball"
1909,"Curveball"
1910,"Curveball"
1911,"Fastball"
1912,"Fastball"
1913,"Curveball"
1914,"Changeup"
1915,"Fastball"
1916,"Curveball"
1917,"Fastball"
1918,"Fastball"
1919,"Fastball"
1920,"Fastball"
1921,"Fastball"
1922,"Fastball"
1923,"Fastball"
1924,"Fastball"
1925,"Curveball"
1926,"Curveball"
1927,"Fastball"
1928,"Curveball"
1929,"Curveball"
1930,"Fastball"
1931,"Curveball"
1932,"Curveball"
1933,"Fastball"
1934,"Fastball"
1935,"Fastball"
1936,"Curveball"
1937,"Curveball"
1938,"Fastball"
1939,"Fastball"
1940,"Fastball"
1941,"Fastball"
1942,"Fastball"
1943,"Changeup"
1944,"Fastball"
1945,"Changeup"
1946,"Curveball"
1947,"Fastball"
1948,"Fastball"
1949,"Fastball"
1950,"Curveball"
1951,"Curveball"
1952,"Fastball"
1953,"Fastball"
1954,"Curveball"
1955,"Curveball"
1956,"Changeup"
1957,"Fastball"
1958,"Curveball"
1959,"Curveball"
1960,"Fastball"
1961,"Changeup"
1962,"Curveball"
1963,"Fastball"
1964,"Changeup"
1965,"Fastball"
1966,"Curveball"
1967,"Changeup"
1968,"Fastball"
1969,"Fastball"
1970,"Fastball"
1971,"Fastball"
1972,"Fastball"
1973,"Fastball"
1974,"Curveball"
1975,"Fastball"
1976,"Fastball"
1977,"Fastball"
1978,"Fastball"
1979,"Curveball"
1980,"Fastball"
1981,"Changeup"
1982,"Fastball"
1983,"Changeup"
1984,"Fastball"
1985,"Curveball"
1986,"Changeup"
1987,"Curveball"
1988,"Fastball"
1989,"Fastball"
1990,"Fastball"
1991,"Fastball"
1992,"Fastball"
1993,"Fastball"
1994,"Fastball"
1995,"Fastball"
1996,"Changeup"
1997,"Fastball"
1998,"Curveball"
1999,"Fastball"
2000,"Fastball"
2001,"Changeup"
2002,"Changeup"
2003,"Fastball"
2004,"Fastball"
2005,"Changeup"
2006,"Fastball"
2007,"Curveball"
2008,"Changeup"
2009,"Fastball"
2010,"Changeup"
2011,"Fastball"
2012,"Fastball"
2013,"Fastball"
2014,"Fastball"
2015,"Changeup"
2016,"Fastball"
2017,"Fastball"
2018,"Fastball"
2019,"Fastball"
2020,"Curveball"
2021,"Curveball"
2022,"Changeup"
2023,"Fastball"
2024,"Fastball"
2025,"Changeup"
2026,"Fastball"
2027,"Fastball"
2028,"Curveball"
2029,"Fastball"
2030,"Fastball"
2031,"Fastball"
2032,"Fastball"
2033,"Fastball"
2034,"Fastball"
2035,"Changeup"
2036,"Curveball"
2037,"Fastball"
2038,"Fastball"
2039,"Fastball"
2040,"Fastball"
2041,"Curveball"
2042,"Fastball"
2043,"Fastball"
2044,"Fastball"
2045,"Changeup"
2046,"Fastball"
2047,"Fastball"
2048,"Fastball"
2049,"Fastball"
2050,"Fastball"
2051,"Fastball"
2052,"Fastball"
2053,"Curveball"
2054,"Fastball"
2055,"Fastball"
2056,"Fastball"
2057,"Fastball"
2058,"Fastball"
2059,"Fastball"
2060,"Curveball"
2061,"Fastball"
2062,"Fastball"
2063,"Changeup"
2064,"Changeup"
2065,"Fastball"
2066,"Fastball"
2067,"Curveball"
2068,"Fastball"
2069,"Fastball"
2070,"Fastball"
2071,"Fastball"
2072,"Fastball"
2073,"Fastball"
2074,"Fastball"
2075,"Fastball"
2076,"Fastball"
2077,"Fastball"
2078,"Fastball"
2079,"Fastball"
2080,"Fastball"
2081,"Fastball"
2082,"Fastball"
2083,"Fastball"
2084,"Curveball"
2085,"Fastball"
2086,"Curveball"
2087,"Fastball"
2088,"Fastball"
2089,"Changeup"
2090,"Curveball"
2091,"Fastball"
2092,"Fastball"
2093,"Fastball"
2094,"Fastball"
2095,"Changeup"
2096,"Fastball"
2097,"Curveball"
2098,"Fastball"
2099,"Fastball"
2100,"Curveball"
2101,"Curveball"
2102,"Fastball"
2103,"Fastball"
2104,"Curveball"
2105,"Fastball"
2106,"Fastball"
2107,"Fastball"
2108,"Fastball"
2109,"Curveball"
2110,"Fastball"
2111,"Fastball"
2112,"Fastball"
2113,"Fastball"
2114,"Fastball"
2115,"Fastball"
2116,"Curveball"
2117,"Fastball"
2118,"Curveball"
2119,"Fastball"
2120,"Fastball"
2121,"Fastball"
2122,"Changeup"
2123,"Fastball"
2124,"Fastball"
2125,"Fastball"
2126,"Fastball"
2127,"Fastball"
2128,"Curveball"
2129,"Curveball"
2130,"Curveball"
2131,"Fastball"
2132,"Fastball"
2133,"Fastball"
2134,"Curveball"
2135,"Fastball"
2136,"Changeup"
2137,"Fastball"
2138,"Changeup"
2139,"Curveball"
2140,"Curveball"
2141,"Fastball"
2142,"Fastball"
2143,"Changeup"
2144,"Curveball"
2145,"Curveball"
2146,"Fastball"
2147,"Fastball"
2148,"Fastball"
2149,"Changeup"
2150,"Fastball"
2151,"Fastball"
2152,"Curveball"
2153,"Fastball"
2154,"Fastball"
2155,"Fastball"
2156,"Fastball"
2157,"Fastball"
2158,"Curveball"
2159,"Fastball"
2160,"Fastball"
2161,"Curveball"
2162,"Curveball"
2163,"Fastball"
2164,"Fastball"
2165,"Changeup"
2166,"Curveball"
2167,"Curveball"
2168,"Changeup"
2169,"Curveball"
2170,"Fastball"
2171,"Fastball"
2172,"Changeup"
2173,"Fastball"
2174,"Fastball"
2175,"Fastball"
2176,"Fastball"
2177,"Changeup"
2178,"Curveball"
2179,"Curveball"
2180,"Fastball"
2181,"Curveball"
2182,"Curveball"
2183,"Changeup"
2184,"Curveball"
2185,"Fastball"
2186,"Changeup"
2187,"Curveball"
2188,"Fastball"
2189,"Changeup"
2190,"Fastball"
2191,"Changeup"
2192,"Fastball"
2193,"Fastball"
2194,"Fastball"
2195,"Fastball"
2196,"Fastball"
2197,"Fastball"
2198,"Fastball"
2199,"Changeup"
2200,"Fastball"
2201,"Fastball"
2202,"Fastball"
2203,"Fastball"
2204,"Curveball"
2205,"Fastball"
2206,"Fastball"
2207,"Fastball"
2208,"Fastball"
2209,"Curveball"
2210,"Curveball"
2211,"Fastball"
2212,"Fastball"
2213,"Fastball"
2214,"Fastball"
2215,"Fastball"
2216,"Fastball"
2217,"Fastball"
2218,"Fastball"
2219,"Fastball"
2220,"Curveball"
2221,"Fastball"
2222,"Fastball"
2223,"Undefined"
2224,"Fastball"
2225,"Curveball"
2226,"Curveball"
2227,"Fastball"
2228,"Fastball"
2229,"Changeup"
2230,"Curveball"
2231,"Fastball"
2232,"Fastball"
2233,"Fastball"
2234,"Fastball"
2235,"Fastball"
2236,"Curveball"
2237,"Curveball"
2238,"Fastball"
2239,"Fastball"
2240,"Fastball"
2241,"Fastball"
2242,"Curveball"
2243,"Curveball"
2244,"Curveball"
2245,"Fastball"
2246,"Fastball"
2247,"Changeup"
2248,"Changeup"
2249,"Changeup"
2250,"Fastball"
2251,"Fastball"
2252,"Curveball"
2253,"Fastball"
2254,"Curveball"
2255,"Fastball"
2256,"Fastball"
2257,"Changeup"
2258,"Changeup"
2259,"Fastball"
2260,"Curveball"
2261,"Fastball"
2262,"Fastball"
2263,"Curveball"
2264,"Fastball"
2265,"Fastball"
2266,"Curveball"
2267,"Fastball"
2268,"Changeup"
2269,"Changeup"
2270,"Fastball"
2271,"Fastball"
2272,"Changeup"
2273,"Fastball"
2274,"Changeup"
2275,"Curveball"
2276,"Changeup"
2277,"Changeup"
2278,"Changeup"
2279,"Fastball"
2280,"Fastball"
2281,"Curveball"
2282,"Fastball"
2283,"Curveball"
2284,"Fastball"
2285,"Changeup"
2286,"Curveball"
2287,"Changeup"
2288,"Curveball"
2289,"Fastball"
2290,"Fastball"
2291,"Fastball"
